A,First letter
Aaronic,Alt. of Aaronical
Abbess,"A female superior or governess of a nunnery, or convent of nuns, having the same authority over the nuns which the abbots have over the monks. See Abbey."
Abdicate,"To renounce; to relinquish; -- said of authority, a trust, duty, right, etc."
Able,"Legally qualified; possessed of legal competence; as, able to inherit or devise property."
Ablution,The water used in cleansing.
Ablutionary,Pertaining to ablution.
Abnormities,of Abnormity
Abolitionism,The principles or measures of abolitionists.
Above,"Higher in rank or power; as, he appealed to the court above."
Abrasion,"The act of abrading, wearing, or rubbing off; the wearing away by friction; as, the abrasion of coins."
Abroach,"To set abroach; to let out, as liquor; to broach; to tap."
Abscision,See Abscission.
Absence,"Inattention to things present; abstraction (of mind); as, absence of mind."
Absolutist,One who is in favor of an absolute or autocratic government.
Abstergent,"Serving to cleanse, detergent."
Abstersion,Act of wiping clean; a cleansing; a purging.
Abstractionist,An idealist.
Absumption,Act of wasting away; a consuming; extinction.
Abuse,"A corrupt practice or custom; offense; crime; fault; as, the abuses in the civil service."
Acanthopodious,Having spinous petioles.
Acanthopterygious,Having fins in which the rays are hard and spinelike; spiny-finned.
Accelerative,Relating to acceleration; adding to velocity; quickening.
Accent,"A mark at the right hand of a number, indicating minutes of a degree, seconds, etc.; as, 12'27'', i. e., twelve minutes twenty seven seconds."
Accent,"A mark used to denote feet and inches; as, 6' 10'' is six feet ten inches."
Accord,"Agreement, harmony, or just correspondence of things; as, the accord of light and shade in painting."
Accountant,"One who is skilled in, keeps, or adjusts, accounts; an officer in a public office, who has charge of the accounts."
Acipenser,"A genus of ganoid fishes, including the sturgeons, having the body armed with bony scales, and the mouth on the under side of the head. See Sturgeon."
Acknowledgment,"The act of owning or recognized in a particular character or relationship; recognition as regards the existence, authority, truth, or genuineness."
Acoustic,"Pertaining to the sense of hearing, the organs of hearing, or the science of sounds; auditory."
Acquaintanceship,A state of being acquainted; acquaintance.
Acquiring,of Acquire
Acritochromacy,Color blindness; achromatopsy.
Actinometric,"Pertaining to the measurement of the intensity of the solar rays, either (a) heating, or (b) actinic."
Adaw,To subdue; to daunt.
Adder's-tongue,The yellow dogtooth violet.
Addicted,of Addict
Addle,To thrive or grow; to ripen.
Adessenarian,"One who held the real presence of Christ's body in the eucharist, but not by transubstantiation."
Adfiliation,See Affiliation.
Adipocere,"A soft, unctuous, or waxy substance, of a light brown color, into which the fat and muscle tissue of dead bodies sometimes are converted, by long immersion in water or by burial in moist places. It is a result of fatty degeneration."
Adjure,"To charge, bind, or command, solemnly, as if under oath, or under the penalty of a curse; to appeal to in the most solemn or impressive manner; to entreat earnestly."
Adjutory,Serving to help or assist; helping.
Admaxillary,Near to the maxilla or jawbone.
Admission,"A fact, point, or statement admitted; as, admission made out of court are received in evidence."
Adorable,Deserving to be adored; worthy of divine honors.
Advantageousness,Profitableness.
Adventitious,"Acquired, as diseases; accidental."
Adventuresome,Full of risk; adventurous; venturesome.
Advertisement,"A public notice, especially a paid notice in some public print; anything that advertises; as, a newspaper containing many advertisements."
Adynamy,Adynamia.
Aeolus,The god of the winds.
Affodill,Asphodel.
Afford,"To give, grant, or confer, with a remoter reference to its being the natural result; to provide; to furnish; as, a good life affords consolation in old age."
Affrontiveness,The quality that gives an affront or offense.
Afghan,Of or pertaining to Afghanistan.
Aflame,Inflames; glowing with light or passion; ablaze.
Age,The latter part of life; an advanced period of life; seniority; state of being old.
Age,"A particular period of time in history, as distinguished from others; as, the golden age, the age of Pericles."
Aggregative,Gregarious; social.
Aggregator,One who aggregates.
Agood,In earnest; heartily.
Aigulet,See Aglet.
Air brake,A railway brake operated by condensed air.
Air jacket,"A jacket having air-tight cells, or cavities which can be filled with air, to render persons buoyant in swimming."
Airy,Without reality; having no solid foundation; empty; trifling; visionary.
Alacriously,With alacrity; briskly.
Albicant,Growing or becoming white.
Alcoate,Alt. of Alcohate
Alcohometric,"Same as Alcoholometer, Alcoholometric."
Alevin,Young fish; fry.
Alexipharmacal,Alexipharmic.
Alighting,of Alight
Alike,Having resemblance or similitude; similar; without difference.
All-a-mort,See Alamort.
Allusion,A figurative or symbolical reference.
Almond furnace,"A kind of furnace used in refining, to separate the metal from cinders and other foreign matter."
Alone,Of or by itself; by themselves; without any thing more or any one else; without a sharer; only.
Aloof,"At or from a distance, but within view, or at a small distance; apart; away."
Altercation,Warm contention in words; dispute carried on with heat or anger; controversy; wrangle; wordy contest.
Alternative,A choice between more than two things; one of several things offered to choose among.
Alumni,of Alumnus
Alvearies,of Alveary
Amassed,of Amass
Amber,"To preserve in amber; as, an ambered fly."
Babied,of Baby
Baccalaureate,Pertaining to a bachelor of arts.
Bachelor's button,"A plant with flowers shaped like buttons; especially, several species of Ranunculus, and the cornflower (Centaures cyanus) and globe amaranth (Gomphrena)."
Back,To change from one quarter to another by a course opposite to that of the sun; -- used of the wind.
Backhanded,"Turned back, or inclining to the left; as, a backhanded letters."
Backpiece,Alt. of Backplate
Bacterioscopic,"Relating   to   bacterioscopy; as, a bacterioscopic examination."
Badge,To mark or distinguish with a badge.
Cabin,"To confine in, or as in, a cabin."
Cablelaid,"Twisted after the manner of a cable; as, a cable-laid gold chain."
Cacoon,"One of the seeds or large beans of a tropical vine (Entada scandens) used for making purses, scent bottles, etc."
Cacophonious,Harsh-sounding.
Caeca,See Caecum.
Caecal,"Having the form of a caecum, or bag with one opening; baglike; as, the caecal extremity of a duct."
Caecias,A wind from the northeast.
Caesarism,"A system of government in which unrestricted power is exercised by a single person, to whom, as Caesar or emperor, it has been committed by the popular will; imperialism; also, advocacy or support of such a system of government."
Cahoot,"Partnership; as, to go in cahoot with a person."
Calamistrate,"To curl or friz, as the hair."
Calcium,"An elementary substance; a metal which combined with oxygen forms lime. It is of a pale yellow color, tenacious, and malleable. It is a member of the alkaline earth group of elements. Atomic weight 40. Symbol Ca."
Calculi,See Calculus.
Caledonian,Of or pertaining to Caledonia or Scotland; Scottish; Scotch.
Callidity,Acuteness of discernment; cunningness; shrewdness.
Calling,"The act of one who calls; a crying aloud, esp. in order to summon, or to attact the attention of, some one."
Callisthenic,Alt. of Callisthenics
Callisthenics,"See Calisthenic, Calisthenics."
Earldom,The jurisdiction of an earl; the territorial possessions of an earl.
Earnful,Full of anxiety or yearning.
Earthly-minded,Having a mind devoted to earthly things; worldly-minded; -- opposed to spiritual-minded.
Earwitness,A witness by means of his ears; one who is within hearing and does hear; a hearer.
Ease,To entertain; to furnish with accommodations.
East,"Formerly, the part of the United States east of the Alleghany Mountains, esp. the Eastern, or New England, States; now, commonly, the whole region east of the Mississippi River, esp. that which is north of Maryland and the Ohio River; -- usually with the definite article; as, the commerce of the East is not independent of the agriculture of the West."
Ebb,To cause to flow back.
Echinus,The quarter-round molding (ovolo) of the Roman Doric style. See Illust. of Column
Echoing,of Echo
Eclaircissement,The clearing up of anything which is obscure or not easily understood; an explanation.
Eclat,Brilliancy of success or effort; splendor; brilliant show; striking effect; glory; renown.
Face,"The exact amount expressed on a bill, note, bond, or other mercantile paper, without any addition for interest or reduction for discount."
Factitive,Causing; causative.
Factum,"The due execution of a will, including everything necessary to its validity."
Fag,"To tire by labor; to exhaust; as, he was almost fagged out."
Faint,"Wanting in courage, spirit, or energy; timorous; cowardly; dejected; depressed; as, ""Faint heart ne'er won fair lady."""
Falcon,"One of a family (Falconidae) of raptorial birds, characterized by a short, hooked beak, strong claws, and powerful flight."
Falsify,"To baffle or escape; as, to falsify a blow."
Falsify,"To show, in accounting, (an inem of charge inserted in an account) to be wrong."
Famble,To stammer.
Fancywork,"Ornamental work with a needle or hook, as embroidery, crocheting, netting, etc."
Fanion,A small flag sometimes carried at the head of the baggage of a brigade.
Fanion,A small flag for marking the stations in surveying.
Fantasticco,A fantastic.
Fascial,Pertaining to the fasces.
Fasten,"To cause to hold together or to something else; to attach or unite firmly; to cause to cleave to something , or to cleave together, by any means; as, to fasten boards together with nails or cords; to fasten anything in our thoughts."
Fastness,Conciseness of style.
Faulting,of Fault
Faultily,In a faulty manner.
Faulty,"Containing faults, blemishes, or defects; imperfect; not fit for the use intended."
Favor,"To regard with kindness; to support; to aid, or to have the disposition to aid, or to wish success to; to be propitious to; to countenance; to treat with consideration or tenderness; to show partiality or unfair bias towards."
Favoredly,In a favored or a favorable manner; favorably.
Fear,"Apprehension of incurring, or solicitude to avoid, God's wrath; the trembling and awful reverence felt toward the Supreme Belng."
Feasible,"Capable of being done, executed, or effected; practicable."
Feat,"A striking act of strength, skill, or cunning; a trick; as, feats of horsemanship, or of dexterity."
Feature,"The make, cast, or appearance of the human face, and especially of any single part of the face; a lineament. (pl.) The face, the countenance."
Federalized,of Federalize
Feetless,"Destitute of feet; as, feetless birds."
Fele,Many.
Fell,"The end of a web, formed by the last thread of the weft."
Fellahs,of Fellah
Femora,of Femur
Fenestrae,of Fenestra
Fet,A piece.
Fetch,To bring or get within reach by going; to reach; to arrive at; to attain; to reach by sailing.
Feudary,"Held by, or pertaining to, feudal tenure."
Fiance,A betrothed man.
Fibula,A needle for sewing up wounds.
Fifteen,Five and ten; one more than fourteen.
Figgum,A juggler's trick; conjuring.
Figure,"A pattern in cloth, paper, or other manufactured article; a design wrought out in a fabric; as, the muslin was of a pretty figure."
Figure,To embellish with design; to adorn with figures.
Fimbriating,of Fimbriate
Fimbricate,"fringed, on one side only, by long, straight hairs, as the antennae of certain insects."
Fin,End; conclusion; object.
Finedrawing,of Finedraw
Fining,"That which is used to refine; especially, a preparation of isinglass, gelatin, etc., for clarifying beer."
Fire,To be irritated or inflamed with passion.
Firedog,A support for wood in a fireplace; an andiron.
Firmament,Fixed foundation; established basis.
Fishy,Consisting of fish; fishlike; having the qualities or taste of fish; abounding in fish.
Fissural,"Pertaining to a fissure or fissures; as, the fissural pattern of a brain."
Flagging,"A pavement or sidewalk of flagstones; flagstones, collectively."
Flakiness,The state of being flaky.
Flatus,of Flatus
Flaw,A sudden burst of noise and disorder; a tumult; uproar; a quarrel.
Fleck,A spot; a streak; a speckle.
Fleeted,of Fleet
Fletched,of Fletch
Flight,"A number of beings or things passing through the air together; especially, a flock of birds flying in company; the birds that fly or migrate together; the birds produced in one season; as, a flight of arrows."
Flitter,A rag; a tatter; a small piece or fragment.
Flocculus,"A small lobe in the under surface of the cerebellum, near the middle peduncle; the subpeduncular lobe."
Flockly,In flocks; in crowds.
Flong,imp. &amp; p. p. of Fling.
Flow,"Any gentle, gradual movement or procedure of thought, diction, music, or the like, resembling the quiet, steady movement of a river; a stream."
Flower,"To froth; to ferment gently, as new beer."
Fluctuant,Moving like a wave; wavering
Fluctuant,Floating on the waves.
Fluocerite,"A fluoride of cerium, occuring near Fahlun in Sweden. Tynosite, from Colorado, is probably the same mineral."
Flush,To excite; to animate; to stir.
Flushness,The state of being flush; abundance.
Flute,"A similar channel or groove made in wood or other material, esp. in plaited cloth, as in a lady's ruffle."
Flutist,To be in agitation; to move irregularly; to flucttuate; to be uncertainty.
Flux,To cause to become fluid; to fuse.
Flown,of Fly
Flyspeck,"A speck or stain made by the excrement of a fly; hence, any insignificant dot."
Fodient,One of the Fodientia.
Foliate,"Furnished with leaves; leafy; as, a foliate stalk."
Foliosity,The ponderousness or bulk of a folio; voluminousness.
Folly,A foolish act; an inconsiderate or thoughtless procedure; weak or light-minded conduct; foolery.
Foolishly,In a foolish manner.
Foramen,"A small opening, perforation, or orifice; a fenestra."
Forceps,The caudal forceps-shaped appendage of earwigs and some other insects. See Earwig.
Forebear,An ancestor. See Forbear.
Foreboding,Presage of coming ill; expectation of misfortune.
Forehead,The front or fore part of anything.
Foreseize,To seize beforehand.
Foreteller,One who predicts.
Forewomen,of Forewoman
Forfeit,Injury; wrong; mischief.
Forfend,To prohibit; to forbid; to avert.
Forgetfully,In a forgetful manner.
Forging,The act of shaping metal by hammering or pressing.
Form,"To take a form, definite shape, or arrangement; as, the infantry should form in column."
Formalize,To affect formality.
Formative,"Serving to form; derivative; not radical; as, a termination merely formative."
Forray,The act of ravaging; a ravaging; a predatory excursion. See Foray.
Fortune,To presage; to tell the fortune of.
Foulness,The quality or condition of being foul.
Fountful,Full of fountains.
Fourhanded,Having four hands; quadrumanous.
Four-in-hand,"Consisting of four horses controlled by one person; as, a four-in-hand team; drawn by four horses driven by one person; as, a four-in-hand coach."
Fourling,A compound or twin crystal consisting of four individuals.
Fourteenth,"Next in order after the thirteenth; as, the fourteenth day of the month."
Fowling,of Fowl
Foxed,of Fox
Foxhound,One of a special breed of hounds used for chasing foxes.
Foxtail,"The name of several kinds of grass having a soft dense head of flowers, mostly the species of Alopecurus and Setaria."
Frame,To cause; to bring about; to produce.
Francolite,A variety of apatite from Wheal Franco in Devonshire.
Free,"Privileged or individual; the opposite of common; as, a free fishery; a free warren."
Freieslebenite,"A sulphide of antimony, lead, and silver, occuring in monoclinic crystals."
Fresnel lens,See under Lens.
Frickle,A bushel basket.
Frigate-built,Built like a frigate with a raised quarter-deck and forecastle.
Frigid,Wanting natural heat or vigor sufficient to excite the generative power; impotent.
Frist,"To sell upon credit, as goods."
Fritter,A fragment; a shred; a small piece.
Frory,Frozen; stiff with cold.
Frost,The act of freezing; -- applied chiefly to the congelation of water; congelation of fluids.
Frostweed,"An American species of rockrose (Helianthemum Canadense), sometimes used in medicine as an astringent or aromatic tonic."
Fructed,Bearing fruit; -- said of a tree or plant so represented upon an escutcheon.
Ery,"A state of excitement; as, to be in a fry."
Fub,To put off by trickery; to cheat.
Fugato,"in the gugue style, but not strictly like a fugue."
Fulgor,Dazzling brightness; splendor.
Fuliginosity,The condition or quality of being fuliginous; sootiness; matter deposited by smoke.
Full-blown,"Fully expanded, as a blossom; as, a full-bloun rose."
Fume,The incense of praise; inordinate flattery.
Function,Alt. of Functionate
Fungoid,Like a fungus; fungous; spongy.
Furniture,A mixed or compound stop in an organ; -- sometimes called mixture.
Fusil,"A bearing of a rhomboidal figure; -- named from its shape, which resembles that of a spindle."
Future,"That is to be or come hereafter; that will exist at any time after the present; as, the next moment is future, to the present."
Futurity,Event to come; a future event.
Galactic,"Of or pertaining to milk; got from milk; as, galactic acid."
Gallows,"A frame from which is suspended the rope with which criminals are executed by hanging, usually consisting of two upright posts and a crossbeam on the top; also, a like frame for suspending anything."
Galoche,Alt. of Galoshe
Galop,"A kind of lively dance, in 2-4 time; also, the music to the dance."
Gammon,To make bacon of; to salt and dry in smoke.
Garb,Clothing in general.
Garmenture,Clothing; dress.
Garnish,"Something set round or upon a dish as an embellishment. See Garnish, v. t., 2."
Garniture,That which garnishes; ornamental appendage; embellishment; furniture; dress.
Gastrocnemius,The muscle which makes the greater part of the calf of the leg.
Gastronomical,Pertaining to gastromony.
Gastronomy,The art or science of good eating; epicurism; the art of good cheer.
Gelatiniform,Having the form of gelatin.
Gendarmes,of Gendarme
General,"Not restrained or limited to a precise import; not specific; vague; indefinite; lax in signification; as, a loose and general expression."
Genitive,Of or pertaining to that case (as the second case of Latin and Greek nouns) which expresses source or possession.  It corresponds to the possessive case in English.
Gentile-falcon,See Falcon-gentil.
Gentilism,Hethenism; paganism; the worship of false gods.
Gently,In a gentle manner.
Genuflected,of Genuflect
Geocentric,Alt. of Geocentrical
Geodesic,A geodetic line or curve.
Geophagist,"One who eats earth, as dirt, clay, chalk, etc."
Geotropism,A disposition to turn or incline towards the earth; the influence of gravity in determining the direction of growth of an organ.
Ghostology,Ghost lore.
Gibbostity,The state of being gibbous or gibbose; gibbousness.
Gildale,A drinking bout in which every one pays an equal share.
Give,To attribute; to assign; to adjudge.
Give,To give a gift or gifts.
Glabrate,Becoming smooth or glabrous from age.
Glabrity,Smoothness; baldness.
Gladius,"The internal shell, or pen, of cephalopods like the squids."
Glaire,See Glair.
Glance,"To move quickly, appearing and disappearing rapidly; to be visible only for an instant at a time; to move interruptedly; to twinkle."
Glauberite,"A mineral, consisting of the sulphates of soda and lime."
Glazing,of Glase
Glidden,p. p. of Glide.
Gloat,"To look steadfastly; to gaze earnestly; -- usually in a bad sense, to gaze with malignant satisfaction, passionate desire, lust, or avarice."
Glory,To exult with joy; to rejoice.
Glow,"To feel the heat of passion; to be animated, as by intense love, zeal, anger, etc.; to rage, as passior; as, the heart glows with love, zeal, or patriotism."
Glow,To make hot; to flush.
Glutination,The act of uniting with glue; sticking together.
Gnash,"To strike together, as in anger or pain; as, to gnash the teeth."
Gnomically,"In a gnomic, didactic, or sententious manner."
Gobioid,"Like, or pertaining to, the goby, or the genus Gobius."
God-fearing,Having a reverential and loving feeling towards God; religious.
Godhood,Divine nature or essence; deity; godhead.
Godild,"A corruption of God yield, i. e., God reward or bless."
Goldseed,Dog's-tail grass.
Goniometer,"An instrument for measuring angles, especially the angles of crystals, or the inclination of planes."
Gore,"One of the abatements. It is made of two curved lines, meeting in an acute angle in the fesse point."
Gorgoniacea,"One of the principal divisions of Alcyonaria, including those forms which have a firm and usually branched axis, covered with a porous crust, or c/nenchyma, in which the polyp cells are situated."
Gossib,A gossip.
Gossiping,of Gossip
Goura,"One of several species of large, crested ground pigeons of the genus Goura, inhabiting New Guinea and adjacent islands. The Queen Victoria pigeon (Goura Victoria) and the crowned pigeon (G. coronata) are among the beat known species."
Grace,Fortune; luck; -- used commonly with hard or sorry when it means misfortune.
Graduate,"To prepare gradually; to arrange, temper, or modify by degrees or to a certain degree; to determine the degrees of; as, to graduate the heat of an oven."
Graft,"To insert (a graft) in a branch or stem of another tree; to propagate by insertion in another stock; also, to insert a graft upon."
Graminifolious,Bearing leaves resembling those of grass.
Graminivorous,"Feeding or subsisting on grass, and the like food; -- said of horses, cattle, and other animals."
Gramme machine,"A kind of dynamo-electric machine; -- so named from its French inventor, M. Gramme."
Granatin,Mannite; -- so called because found in the pomegranate.
Grandevity,Great age; long life.
Grandiloquent,Speaking in a lofty style; pompous; bombastic.
Grannam,A grandam.
Graphiscope,See Graphoscope.
Graspless,Without a grasp; relaxed.
Grass,"An endogenous plant having simple leaves, a stem generally jointed and tubular, the husks or glumes in pairs, and the seed single."
Grassless,Destitute of grass.
Grated,of Grate
Grating,of Grate
Grate,"To furnish with grates; to protect with a grating or crossbars; as, to grate a window."
Gravedigger,A digger of graves.
Gravelliness,State of being gravelly.
Gravity,Lowness of tone; -- opposed to acuteness.
Great,"More than ordinary in degree; very considerable in degree; as, to use great caution; to be in great pain."
Green,Any substance or pigment of a green color.
Grip,An energetic or tenacious grasp; a holding fast; strength in grasping.
Gripe,"Oppression; cruel exaction; affiction; pinching distress; as, the gripe of poverty."
Grise,A step (in a flight of stairs); a degree.
Grist,"In rope making, a given size of rope, common grist being a rope three inches in circumference, with twenty yarns in each of the three strands."
Gristly,"Consisting of, or containing, gristle; like gristle; cartilaginous."
Gritting,of Grit
Grivet,"A monkey of the upper Nile and Abyssinia (Cercopithecus griseo-viridis), having the upper parts dull green, the lower parts white, the hands, ears, and face black. It was known to the ancient Egyptians. Called also tota."
Groom,"To tend or care for, or to curry or clean, as a, horse."
Grossification,"The act of making gross or thick, or the state of becoming so."
Ground,"To run aground; to strike the bottom and remain fixed; as, the ship grounded on the bar."
Grown ,of Grow
Grub,To drudge; to do menial work.
Gruddger,One who grudges.
Grudgingly,In a grudging manner.
Grundel,A groundling (fish).
Gry,"Anything very small, or of little value."
Guardiance,Guardianship.
Guest,To receive or entertain hospitably.
Guide,"A person who leads or directs another in his way or course, as in a strange land; one who exhibits points of interest to strangers; a conductor; also, that which guides; a guidebook."
Gummy,Consisting of gum; viscous; adhesive; producing or containing gum; covered with gum or a substance resembling gum.
Gunnel,"A small, eel-shaped, marine fish of the genus Muraenoides; esp., M. gunnellus of Europe and America; -- called also gunnel fish, butterfish, rock eel."
Gurniad,See Gwiniad.
Gutta,"One of a series of ornaments, in the form of a frustum of a cone, attached to the lower part of the triglyphs, and also to the lower faces of the mutules, in the Doric order; -- called also campana, and drop."
Gymnical,Athletic; gymnastic.
Gyn,To begin [Obs.] See Gin.
Gyral,Moving in a circular path or way; whirling; gyratory.
Gyromancy,"A kind of divination performed by drawing a ring or circle, and walking in or around it."
Habilatory,Of or pertaining to clothing; wearing clothes.
Habilitation,Equipment; qualification.
Habited,Inhabited.
Haemato-,Alt. of Haemo-
Haemacyanin,"A substance found in the blood of the octopus, which gives to it its blue color."
Haemotachometry,Same as Haematachometry.
Hag,A fury; a she-monster.
Hail,"To pour down particles of ice, or frozen vapors."
Halfbeak,"Any slender, marine fish of the genus Hemirhamphus, having the upper jaw much shorter than the lower; -- called also balahoo."
Halfendeal,A half part.
Half-ray,"A straight line considered as drawn from a center to an indefinite distance in one direction, the complete ray being the whole line drawn to an indefinite distance in both directions."
Haliographer,One who writes about or describes the sea.
Halomancy,See Alomancy.
Halter,A rope for hanging malefactors; a noose.
Halving,of Halve
Hanch,See Hanse.
Handicapped,of Handicap
Handiwork,"Work done by the hands; hence, any work done personally."
Handygripe,"Seizure by, or grasp of, the hand; also, close quarters in fighting."
Hung,of Hang
Hang,"To suspend; to fasten to some elevated point without support from below; -- often used with up or out; as, to hang a coat on a hook; to hang up a sign; to hang out a banner."
Hanger,"A strap hung to the girdle, by which a dagger or sword is suspended."
Hanger,"That which hangs or is suspended, as a sword worn at the side; especially, in the 18th century, a short, curved sword."
Hansel,See Handsel.
Haphazard,Extra hazard; chance; accident; random.
Harlotry,Ribaldry; buffoonery; a ribald story.
Harmless,"Free from harm; unhurt; as, to give bond to save another harmless."
Harrower,One who harrows.
Harsh,disagreeable to the ear.
Harvest-home,The gathering and bringing home of the harvest; the time of harvest.
Hauerite,Native sulphide of manganese a reddish brown or brownish black mineral.
Haughty,Disdainfully or contemptuously proud; arrogant; overbearing.
Hazeless,Destitute of haze.
Headmen,of Headman
Headstrong,"Directed by ungovernable will, or proceeding from obstinacy."
Headstrongness,Obstinacy.
Hearing,of Hear
Hearing,Extent within which sound may be heard; sound; earshot.
Heave,"To rise and fall with alternate motions, as the lungs in heavy breathing, as waves in a heavy sea, as ships on the billows, as the earth when broken up by frost, etc.; to swell; to dilate; to expand; to distend; hence, to labor; to struggle."
Heavy-armed,Wearing heavy or complete armor; carrying heavy arms.
Hebdomadary,"A member of a chapter or convent, whose week it is to officiate in the choir, and perform other services, which, on extraordinary occasions, are performed by the superiors."
Hedge,"To inclose or separate with a hedge; to fence with a thickly set line or thicket of shrubs or small trees; as, to hedge a field or garden."
Hegelian,Pertaining to Hegelianism.
Height,Progress toward eminence; grade; degree.
Hellenistically,According to the Hellenistic manner or dialect.
Helm,A heavy cloud lying on the brow of a mountain.
Help,"A helper; one hired to help another; also, thew hole force of hired helpers in any business."
Hemadynamics,The principles of dynamics in their application to the blood; that part of science which treats of the motion of the blood.
Hemipteran,One of the Hemiptera; an hemipter.
Hemisected,of Hemisect
Hemistichal,"Pertaining to, or written in, hemistichs; also, by, or according to, hemistichs; as, a hemistichal division of a verse."
Hemoglobin,"The normal coloring matter of the red blood corpuscles of vertebrate animals. It is composed of hematin and globulin, and is also called haematoglobulin. In arterial blood, it is always combined with oxygen, and is then called oxyhemoglobin. It crystallizes under different forms from different animals, and when crystallized, is called haematocrystallin. See Blood crystal, under Blood."
Hemself,Alt. of Hemselven
Hendecasyllable,A metrical line of eleven syllables.
Heniquen,See Jeniquen.
Hepta,"A combining form from Gr. ""epta`, seven."
Heptine,"Any one of a series of unsaturated metameric hydrocarbons, C7H12, of the acetylene series."
Herdbook,"A book containing the list and pedigrees of one or more herds of choice breeds of cattle; -- also called herd record, or herd register."
Hereunto,Unto this; up to this time; hereto.
Heterogenesis,"Spontaneous generation, so called."
Hewn,"Roughly dressed as with a hammer; as, hewn stone."
Hexastichon,A poem consisting of six verses or lines.
Hexene,Same as Hexylene.
Hibernal,Belonging or relating to winter; wintry; winterish.
Hideous,"Distressing or offensive to the ear; exciting terror or dismay; as, a hideous noise."
Higgler,One who higgles.
High-flown,"Turgid; extravagant; bombastic; inflated; as, high-flown language."
High-flushed,Elated.
Higre,See Eagre.
Hobbyhorsical,"Pertaining to, or having, a hobby or whim; eccentric; whimsical."
Hobnail,A clownish person; a rustic.
Hoiden,To romp rudely or indecently.
Hoisted,of Hoist
Holiness,"The state of being hallowed, or consecrated to God or to his worship; sacredness."
Holla,Hollo.
Hollaed,of Holla
Homaging,of Homage
Homicide,One who kills another; a manslayer.
Homostyled,Having only one form of pistils; -- said of the flowers of some plants.
Honey,"To be gentle, agreeable, or coaxing; to talk fondly; to use endearments; also, to be or become obsequiously courteous or complimentary; to fawn."
Honorableness,"Conformity to the principles of honor, probity, or moral rectitude; fairness; uprightness; reputableness."
Hood,"A chimney top, often contrived to secure a constant draught by turning with the wind."
Hoop,To drive or follow with a shout.
Hoppet,"A hand basket; also, a dish used by miners for measuring ore."
Horsewoman,A woman who rides on horseback.
Hose,"Close-fitting trousers or breeches, as formerly worn, reaching to the knee."
Host,To lodge at an inn; to take up entertainment.
Hotel-de-ville,A city hall or townhouse.
Hound,A despicable person.
Hounding,The act of one who hounds.
Hound's-tongue,"A biennial weed (Cynoglossum officinale), with soft tongue-shaped leaves, and an offensive odor. It bears nutlets covered with barbed or hooked prickles. Called also dog's-tongue."
Housewright,A builder of houses.
Hulky,Bulky; unwiedly.
Hull,"To pierce the hull of, as a ship, with a cannon ball."
Humin,"A bitter, brownish yellow, amorphous substance, extracted from vegetable mold, and also produced by the action of acids on certain sugars and carbohydrates; -- called also humic acid, ulmin, gein, ulmic or geic acid, etc."
Hungarian,Of or pertaining to Hungary or to the people of Hungary.
Huntsman,The person whose office it is to manage the chase or to look after the hounds.
Hurricano,A waterspout; a hurricane.
Hurtle,To push; to jostle; to hurl.
Husked,Stripped of husks; deprived of husks.
Hybridizing,of Hybridize
Hydrocarburet,"Carbureted hydrogen; also, a hydrocarbon."
Hydrochloride,"A compound of hydrochloric acid with a base; -- distinguished from a chloride, where only chlorine unites with the base."
Hydrometeorology,"That branch of meteorology which relates to, or treats of, water in the atmosphere, or its phenomena, as rain, clouds, snow, hail, storms, etc."
Hydromica,A variety of potash mica containing water. It is less elastic than ordinary muscovite.
Hyemation,The passing of a winter in a particular place; a wintering.
Hylophagous,"Eating green shoots, as certain insects do."
Hymning,The singing of hymns.
Hypapophysis,"A process, or other element, of a vertebra developed from the ventral side of the centrum, as haemal spines, and chevron bones."
Jack,A machine for twisting the sliver as it leaves the carding machine.
Jack,A machine for slicking or pebbling leather.
Jack,The wall-eyed pike.
Jackmen,of Jackman
Jaculable,Fit for throwing.
Jadery,The tricks of a jade.
Jaggery,"Raw palm sugar, made in the East Indies by evaporating the fresh juice of several kinds of palm trees, but specifically that of the palmyra (Borassus flabelliformis)."
Jak,see Ils Jack.
Jangler,An idle talker; a babbler; a prater.
Janthina,See Ianthina.
Jar,"The measure of what is contained in a jar; as, a jar of oil; a jar of preserves."
Jar,"In deep well boring, a device resembling two long chain links, for connecting a percussion drill to the rod or rope which works it, so that the drill is driven down by impact and is jerked loose when jammed."
Jedding ax,"A stone mason's tool, having a flat face and a pointed part."
Jemmy,A baked sheep's head.
Jerk,"To give a quick and suddenly arrested thrust, push, pull, or twist, to; to yerk; as, to jerk one with the elbow; to jerk a coat off."
Jerk,"To make a sudden motion; to move with a start, or by starts."
Jerkin,A male gyrfalcon.
Jesuitry,Jesuitism; subtle argument.
Jingling,"The act or process of producing a jingle; also, the sound itself; a chink."
Jointer,A tool for pointing the joints in brickwork.
Jubilation,A triumphant shouting; rejoicing; exultation.
Judicial,"Belonging to the judiciary, as distinguished from legislative, administrative, or executive. See Executive."
Judiciary,"Of or pertaining to courts of judicature, or legal tribunals; judicial; as, a judiciary proceeding."
Jug,To commit to jail; to imprison.
Jugal,"Pertaining to, or in the region of, the malar, or cheek bone."
Juglandine,An alkaloid found in the leaves of the walnut (Juglans regia).
Jumble,To meet or unite in a confused way; to mix confusedly.
Jump,"To cause to jump; as, he jumped his horse across the ditch."
Junket,A cheese cake; a sweetmeat; any delicate food.
Junartie,Jeopardy.
Jupati palm,"A great Brazilian palm tree (Raphia taedigera), used by the natives for many purposes."
Jut,A shove; a push.
Kali,The glasswort (Salsola Kali).
Karyokinesis,"The indirect division of cells in which, prior to division of the cell protoplasm, complicated changes take place in the nucleus, attended with movement of the nuclear fibrils; -- opposed to karyostenosis. The nucleus becomes enlarged and convoluted, and finally the threads are separated into two groups which ultimately become disconnected and constitute the daughter nuclei. Called also mitosis. See Cell development, under Cell."
Keel,To cool; to skim or stir.
Keelhaul,"To haul under the keel of a ship, by ropes attached to the yardarms on each side. It was formerly practiced as a punishment in the Dutch and English navies."
Keep,"The state of being kept; hence, the resulting condition; case; as, to be in good keep."
Keeve,A large vat used in dressing ores.
Keitloa,"A black, two-horned, African rhinoceros (Atelodus keitloa). It has the posterior horn about as long as the anterior one, or even longer."
Ken,"A house; esp., one which is a resort for thieves."
Kerseys,of Kersey
Ketone,"One of a large class of organic substances resembling the aldehydes, obtained by the distillation of certain salts of organic acids and consisting of carbonyl (CO) united with two hydrocarbon radicals. In general the ketones are colorless volatile liquids having a pungent ethereal odor."
Kidnap,"To take (any one) by force or fear, and against one's will, with intent to carry to another place."
Kill,"To cause to cease; to quell; to calm; to still; as, in seamen's language, a shower of rain kills the wind."
Killesse,"A gutter, groove, or channel."
La,"An exclamation of surprise; -- commonly followed by me; as, La me!"
Lacerta,A fathom.
Laciniolate,"Consisting of, or abounding in, very minute laciniae."
Lacklustre,Wanting luster or brightness.
Lactescence,The latex of certain plants. See Latex.
Ladin,A Romansch dialect spoken in some parts of Switzerland and the Tyrol.
Laevorotatory,Same as Levorotatory.  Cf. Dextrorotatory.
Laggard,One who lags; a loiterer.
Lagging,"Lags, collectively; narrow planks extending from one rib to another in the centering of arches."
Lair,A burying place.
Lakh,"Same as Lac, one hundred thousand."
Lamish,Somewhat lame.
Lamp,"A light-producing vessel, instrument or apparatus; especially, a vessel with a wick used for the combustion of oil or other inflammable liquid, for the purpose of producing artificial light."
Lanate,Alt. of Lanated
Landman,An occupier of land.
Languageless,Lacking or wanting language; speechless; silent.
Lapsed,of Lapse
Larva,"Any young insect from the time that it hatches from the egg until it becomes a pupa, or chrysalis. During this time it usually molts several times, and may change its form or color each time. The larvae of many insects are much like the adults in form and habits, but have no trace of wings, the rudimentary wings appearing only in the pupa stage. In other groups of insects the larvae are totally unlike the parents in structure and habits, and are called caterpillars, grubs, maggots, etc."
Latibulize,"To retire into a den, or hole, and lie dormant in winter; to retreat and lie hid."
Latirostres,"The broad-billed singing birds, such as the swallows, and their allies."
Latitudinarian,Lax in moral or religious principles.
Latration,A barking.
Law,"Same as Lawe, v. t."
Lazy,Disinclined to action or exertion; averse to labor; idle; shirking work.
League,"An alliance or combination of two or more nations, parties, or persons, for the accomplishment of a purpose which requires a continued course of action, as for mutual defense, or for furtherance of commercial, religious, or political interests, etc."
Leaguer,The camp of a besieging army; a camp in general.
Left,"That part of surrounding space toward which the left side of one's body is turned; as, the house is on the left when you face North."
Legalized,of Legalize
Lend,"To afford; to grant or furnish in general; as, to lend assistance; to lend one's name or influence."
Lenitive,"That which softens or mitigates; that which tends to allay passion, excitement, or pain; a palliative."
Leptus,"The six-legged young, or larva, of certain mites; -- sometimes used as a generic name. See Harvest mite, under Harvest."
Lettrure,See Letterure.
Leuc-,Same as Leuco-.
Leucocyte,"A colorless corpuscle, as one of the white blood corpuscles, or those found in lymph, marrow of bone, connective tissue, etc."
Leuke,Alt. of Leukeness
Levator,"A muscle that serves to raise some part, as the lip or the eyelid."
Leveler,One who would remove social inequalities or distinctions; a socialist.
Levirostres,"A group of birds, including the hornbills, kingfishers, and related forms."
Levitically,After the manner of the Levites; in accordance with the levitical law.
Li bella,A small balance.
Licensing,of License
Lick,A stroke of the tongue in licking.
Lick-spigot,A tapster.
Lid,"The top of an ovary which opens transversely, as in the fruit of the purslane and the tree which yields Brazil nuts."
Lien,of Lie
Life,"The living or actual form, person, thing, or state; as, a picture or a description from the life."
Ligamentous,"Composing a ligament; of the nature of a ligament; binding; as, a strong ligamentous membrane."
Light,The brightness of the eye or eyes.
#NAME?,of Light-horseman
Lightly,With little effort or difficulty; easily; readily.
Lightning,"The act of making bright, or the state of being made bright; enlightenment; brightening, as of the mental powers."
Lightning,Lightening.
Lignone,See Lignin.
Macrospore,"One of the specially large spores of certain flowerless plants, as Selaginella, etc."
Madecassee,"A native or inhabitant of Madagascar, or Madecassee; the language of the natives of Madagascar. See Malagasy."
Naid,"Any one of numerous species of small, fresh-water, chaetopod annelids of the tribe Naidina. They belong to the Oligochaeta."
Naphthalize,"To mingle, saturate, or impregnate, with naphtha."
Narrowly,Without much extent; contractedly.
Nasicornous,"Bearing a horn, or horns, on the nose, as the rhinoceros."
Natatorium,A swimming bath.
Nauplii,of Nauplius
Navel-string,The umbilical cord.
Neatress,A woman who takes care of cattle.
Necessity,"The negation of freedom in voluntary action; the subjection of all phenomena, whether material or spiritual, to inevitable causation; necessitarianism."
Needs,"Of necessity; necessarily; indispensably; -- often with must, and equivalent to of need."
Neer,Nearer.
Neese,To sneeze.
Negative,The refusal or withholding of assents; veto.
Nemaline,Having the form of threads; fibrous.
Nematode,Same as Nematoid.
Nemoral,Of or pertaining to a wood or grove.
Neogamist,A person recently married.
Nep,Catnip.
Nest,To put into a nest; to form a nest for.
Netty,"Like a net, or network; netted."
Newfangle,To change by introducing novelties.
Newly,Lately; recently.
News,Something strange or newly happened.
Nictitation,The act of winking.
Niggler,One who niggles.
Nigh,"Almost; nearly; as, he was nigh dead."
Nitryl,A name sometimes given to the nitro group or radical.
Nogging,"Rough brick masonry used to fill in the interstices of a wooden frame, in building."
Noght,Not.
Nominor,A nominator.
Nonessential,Not essential.
Nonsuit,Nonsuited.
Notable,"Worthy of notice; remarkable; memorable; noted or distinguished; as, a notable event, person."
Notching,"The small hollow, or hollows, cut; a notch or notches."
Note,State of being under observation.
Noted,of Note
E,of Notopodium
Nott,To shear.
Nourice,A nurse.
Nub,"To push; to nudge; also, to beckon."
Numerical,"Belonging to number; denoting number; consisting in numbers; expressed by numbers, and not letters; as, numerical characters; a numerical equation; a numerical statement."
Oath,"A solemn affirmation or declaration, made with a reverent appeal to God for the truth of what is affirmed."
Obelisk,"A mark of reference; -- called also dagger [/]. See Dagger, n., 2."
Pace,"A device in a loom, to maintain tension on the warp in pacing the web."
Package,"A bundle made up for transportation; a packet; a bale; a parcel; as, a package of goods."
Paint,"To practice the art of painting; as, the artist paints well."
Palatic,Palatal; palatine.
Palilogy,"The repetition of a word, or part of a sentence, for the sake of greater emphasis; as, ""The living, the living, he shall praise thee."""
Pallidly,In a pallid manner.
Rabdomancy,Divination by means of rods or wands.
Race,To run a race with.
Racemed,"Arranged in a raceme, or in racemes."
Racket,"Confused, clattering noise; din; noisy talk or sport."
Radicant,"Taking root on, or above, the ground; rooting from the stem, as the trumpet creeper and the ivy."
Radicated,of Radicate
Radiolarian,One of the Radiolaria.
Raff,"To sweep, snatch, draw, or huddle together; to take by a promiscuous sweep."
Rafter,To plow so as to turn the grass side of each furrow upon an unplowed ridge; to ridge.
Rageful,Full of rage; expressing rage.
Raider,One who engages in a raid.
Rakery,Debauchery; lewdness.
Ramous,Ramose.
Rampire,A rampart.
Rank,"A row or line; a range; an order; a tier; as, a rank of osiers."
Rankness,The condition or quality of being rank.
Raphe,Same as Rhaphe.
Rattoon,"To sprout or spring up from the root, as sugar cane from the root of the previous year's planting."
Rave,To rush wildly or furiously.
Rave,"To talk with unreasonable enthusiasm or excessive passion or excitement; -- followed by about, of, or on; as, he raved about her beauty."
Ravehook,"A tool, hooked at the end, for enlarging or clearing seams for the reception of oakum."
Raven,Prey; plunder; food obtained by violence.
Ravenous,"Eager for prey or gratification; as, a ravenous appetite or desire."
Ravished,of Ravish
Ravishment,The state of being ravished; rapture; transport of delight; ecstasy.
Reached,of Reach
Realize,"To convert any kind of property into money, especially property representing investments, as shares in stock companies, bonds, etc."
Reassurance,Same as Reinsurance.
Reaver,One who reaves.
Rebate,To abate; to withdraw.
Rebate,Diminution.
Reblossom,To blossom again.
Rebreathe,To breathe again.
Rebuff,"Repercussion, or beating back; a quick and sudden resistance."
Recipience,Alt. of Recipiency
Reciprocity,"Reciprocal advantages, obligations, or rights; reciprocation."
Recitation,"The delivery before an audience of something committed to memory, especially as an elocutionary exhibition; also, that which is so delivered."
Recitativo,Recitative.
Reclasp,To clasp or unite again.
Reclination,"The act or process of removing a cataract, by applying the needle to its anterior surface, and depressing it into the vitreous humor in such a way that the front surface of the cataract becomes the upper one and its back surface the lower one."
Recognize,To reconnoiter.
Recoil,To draw or go back.
Recompense,"An equivalent returned for anything done, suffered, or given; compensation; requital; suitable return."
Recompilement,"The act of recompiling; new compilation or digest; as, a recompilement of the laws."
Recompose,To compose again; to form anew; to put together again or repeatedly.
Recount,"To tell over; to relate in detail; to recite; to tell or narrate the particulars of; to rehearse; to enumerate; as, to recount one's blessings."
Recursion,The act of recurring; return.
Recurviroster,"A bird whose beak bends upward, as the avocet."
Redback,The dunlin.
Re-demption,"The liberation of an estate from a mortgage, or the taking back of property mortgaged, upon performance of the terms or conditions on which it was conveyed; also, the right of redeeming and reentering upon an estate mortgaged. See Equity of redemption, under Equity."
Redounded,of Redound
Redshank,"A bare-legged person; -- a contemptuous appellation formerly given to the Scotch Highlanders, in allusion to their bare legs."
Red-tailed,Having a red tail.
Redwood,"An East Indian dyewood, obtained from Pterocarpus santalinus, Caesalpinia Sappan, and several other trees."
Reeden,Consisting of a reed or reeds.
Referred,of Refer
Refer,"To direct inquiry for information or a guarantee of any kind, as in respect to one's integrity, capacity, pecuniary ability, and the like; as, I referred to his employer for the truth of his story."
Refractory,Refractoriness.
Reft,Bereft.
Regalian,Pertaining to regalia; pertaining to the royal insignia or prerogatives.
Regular,"A member of any religious order or community who has taken the vows of poverty, chastity, and obedience, and who has been solemnly recognized by the church."
Regurgitation,The act of flowing or pouring back by the orifice of entrance
Reinforcement,See Reenforcement.
Reinsert,To insert again.
Reinsure,To insure again after a former insuranse has ceased; to renew insurance on.
Reissue,A second or repeated issue.
Rejected,of Reject
Reject,To cast from one; to throw away; to discard.
Relational,Having relation or kindred; related.
Relevant,Relieving; lending aid or support.
Reliquidation,A second or renewed liquidation; a renewed adjustment.
Remove,"To dismiss or discharge from office; as, the President removed many postmasters."
Rendible,Capable of being rent or torn.
Renning,See 2d Rennet.
Renovate,To make over again; to restore to freshness or vigor; to renew.
Repaint,"To paint anew or again; as, to repaint a house; to repaint the ground of a picture."
Repertitious,Found; gained by finding.
Repiner,One who repines.
Replenish,"To fill again after having been diminished or emptied; to stock anew; hence, to fill completely; to cause to abound."
Report,"To write an account of for publication, as in a newspaper; as, to report a public celebration or a horse race."
Report,"An official statement of facts, verbal or written; especially, a statement in writing of proceedings and facts exhibited by an officer to his superiors; as, the reports of the heads af departments to Congress, of a master in chancery to the court, of committees to a legislative body, and the like."
Reprevable,Reprovable.
Reprise,To recompense; to pay.
Repudiate,"To divorce, put away, or discard, as a wife, or a woman one has promised to marry."
Repulse,Figuratively: Refusal; denial; rejection; failure.
Require,To demand or exact as indispensable; to need.
Rescissory,Tending to rescind; rescinding.
Rese,To shake; to quake; to tremble.
Reseat,"To seat or set again, as on a chair, throne, etc."
Resettle,"To settle again, or a second time."
Residue,"That part of a testeator's estate wwhich is not disposed of in his will by particular and special legacies and devises, and which remains after payment of debts and legacies."
Resolutely,In a resolute manner; with fixed purpose; boldly; firmly; steadily; with perseverance.
Resolvableness,The quality of being resolvable; resolvability.
Resound,"To sound loudly; as, his voice resounded far."
Respect,"The act of noticing with attention; the giving particular consideration to; hence, care; caution."
Respectability,The state or quality of being respectable; the state or quality which deserves or commands respect.
Respectuous,Respectable.
Responsory,"A versicle sung in answer to the priest, or as a refrain."
Restate,To state anew.
Restrict,Restricted.
Restrictive,Astringent or styptic in effect.
Resurrect,To reanimate; to restore to life; to bring to view (that which was forgotten or lost).
Resurrectionist,"One who steals bodies from the grave, as for dissection."
Resurvey,A second or new survey.
Retchless,Careless; reckless.
Reticular,Of or pertaining to a reticulum.
Retirade,"A kind of retrenchment, as in the body of a bastion, which may be disputed inch by inch after the defenses are dismantled. It usually consists of two faces which make a reentering angle."
Retire,"To cause to retire; specifically, to designate as no longer qualified for active service; to place on the retired list; as, to retire a military or naval officer."
Retractable,Capable of being retracted; retractile.
Retractive,Serving to retract; of the nature of a retraction.
Retrogenerative,Begetting young by retrocopulation.
Retrousse,Turned up; -- said of a pug nose.
Revealability,The quality or state of being revealable; revealableness.
Revenge,"To inflict harm in return for, as an injury, insult, etc.; to exact satisfaction for, under a sense of injury; to avenge; -- followed either by the wrong received, or by the person or thing wronged, as the object, or by the reciprocal pronoun as direct object, and a preposition before the wrong done or the wrongdoer."
Reverence,To regard or treat with reverence; to regard with respect and affection mingled with fear; to venerate.
Reverent,"Expressing reverence, veneration, devotion, or submission; as, reverent words; reverent behavior."
Reverse,"Reversed; as, a reverse shell."
Reverse,To become or be reversed.
Reversion,That which reverts or returns; residue.
Revest,"To vest again with possession or office; as, to revest a magistrate with authority."
Review,"To reexamine judically; as, a higher court may review the proceedings and judgments of a lower one."
Revivification,The reduction of a metal from a state of combination to its metallic state.
Rewake,To wake again.
Rhabdosphere,A minute sphere composed of rhabdoliths.
Rhachides,of Rhachis
Rhadamanthine,"Of or pertaining to Rhadamanthus; rigorously just; as, a Rhadamanthine judgment."
Rhamadan,See Ramadan.
Rhematic,The doctrine of propositions or sentences.
Rhizomatous,Having the nature or habit of a rhizome or rootstock.
Rhizome,A rootstock. See Rootstock.
Ribibe,An old woman; -- in contempt.
Rich,"Not faint or delicate; vivid; as, a rich color."
Rich,To enrich.
Ride,"To convey, as by riding; to make or do by riding."
Ridge,The highest portion of the glacis proceeding from the salient angle of the covered way.
Riga fir,"A species of pine (Pinus sylvestris), and its wood, which affords a valuable timber; -- called also Scotch pine, and red / yellow deal. It grows in all parts of Europe, in the Caucasus, and in Siberia."
Righteoused,Made righteous.
Rightful,"Having the right or just claim according to established laws; being or holding by right; as, the rightful heir to a throne or an estate; a rightful king."
Ringing,of Ring
Ringingly,In a ringing manner.
Riot,"To disturb the peace; to raise an uproar or sedition. See Riot, n., 3."
Ripped,of Rip
Riser,"A feed head. See under Feed, n."
Rival,A person having a common right or privilege with another; a partner.
Roam,"The act of roaming; a wandering; a ramble; as, he began his roam o'er hill amd dale."
Roan,"Having a bay, chestnut, brown, or black color, with gray or white thickly interspersed; -- said of a horse."
Roared,of Roar
Robin,"Any one of several Asiatic birds; as, the Indian robins. See Indian robin, below."
Roborant,Strengthening.
Rodomel,Juice of roses mixed with honey.
Roller,"A cylinder coated with a composition made principally of glue and molassess, with which forms of type are inked previously to taking an impression from them."
Roncador,"Any one of several species of California sciaenoid food fishes, especially Roncador Stearnsi, which is an excellent market fish, and the red roncador (Corvina, / Johnius, saturna)."
Roomily,Spaciously.
Roosa oil,The East Indian name for grass oil. See under Grass.
Rosicrucian,"One who, in the 17th century and the early part of the 18th, claimed to belong to a secret society of philosophers deeply versed in the secrets of nature, -- the alleged society having existed, it was stated, several hundred years."
Rostrum,"A pair of forceps of various kinds, having a beaklike form."
Rougecroix,One of the four pursuivants of the English college of arms.
Rouge dragon,One of the four pursuivants of the English college of arms.
Rouk,"See 5th Ruck, and Roke."
Round,"A course of action or conduct performed by a number of persons in turn, or one after another, as if seated in a circle."
Rouse,A bumper in honor of a toast or health.
Rower,One who rows with an oar.
Rubianic,"pertaining to, or derived from, rubian; specifically, designating an acid called also ruberythrinic acid."
Ruby,The color of a ruby; carmine red; a red tint.
Rubied,of Ruby
Ruck,"The common sort, whether persons or things; as, the ruck in a horse race."
Rudderpost,"The shank of a rudder, having the blade at one end and the attachments for operating it at the other."
Ruffianage,"Ruffians, collectively; a body of ruffians."
Rule,"A determinate method prescribed for performing any operation and producing a certain result; as, a rule for extracting the cube root."
Rumble,To murmur; to ripple.
Rump,"Among butchers, the piece of beef between the sirloin and the aitchbone piece. See Illust. of Beef."
Rumply,Rumpled.
Run,"To travel; to make progress; to be moved by mechanical means; to go; as, the steamboat runs regularly to Albany; the train runs to Chicago."
Runner,A movable slab or rubber used in grinding or polishing a surface of stone.
Running,"trained and kept for running races; as, a running horse."
Running,"Continuous; keeping along step by step; as, he stated the facts with a running explanation."
Runway,The beaten path made by deer or other animals in passing to and from their feeding grounds.
Rupee,"A silver coin, and money of account, in the East Indies."
Rustic,"An inhabitant of the country, especially one who is rude, coarse, or dull; a clown."
Rustle,"A quick succession or confusion of small sounds, like those made by shaking leaves or straw, by rubbing silk, or the like; a rustling."
Saccharimetrical,Of or pertaining to saccharimetry; obtained by saccharimetry.
Saccharine,"Of or pertaining to sugar; having the qualities of sugar; producing sugar; sweet; as, a saccharine taste; saccharine matter."
Saddletree,The frame of a saddle.
Safeguard,To guard; to protect.
Sag,State of sinking or bending; sagging.
Sainted,of Saint
Salamandroidea,A division of Amphibia including the Salamanders and allied groups; the Urodela.
Salt,A sailor; -- usually qualified by old.
Salt,Marshes flooded by the tide.
Salve,An adhesive composition or substance to be applied to wounds or sores; a healing ointment.
Samian,Of or pertaining to the island of Samos.
Samshoo,Alt. of Samshu
Sannop,Same as Sannup.
Santalum,"A genus of trees with entire opposite leaves and small apetalous flowers. There are less than a dozen species, occurring from India to Australia and the Pacific Islands. See Sandalwood."
Sapajou,"Any one of several species of South American monkeys of the genus Cebus, having long and prehensile tails. Some of the species are called also capuchins. The bonnet sapajou (C. subcristatus), the golden-handed sapajou (C. chrysopus), and the white-throated sapajou (C. hypoleucus) are well known species. See Capuchin."
Sarcle,"To weed, or clear of weeds, with a hoe."
Sarco-,"A combining form from Gr. sa`rx, sa`rkos, flesh; as, sarcophagous, flesh-eating; sarcology."
Sarplar,"A large bale or package of wool, containing eighty tods, or 2,240 pounds, in weight."
Satellite,"A secondary planet which revolves about another planet; as, the moon is a satellite of the earth. See Solar system, under Solar."
Satisfactive,Satisfactory.
Satyr,The orang-outang.
Sauce,"To make poignant; to give zest, flavor or interest to; to set off; to vary and render attractive."
Saugh,Alt. of Sauh
Sauks,Same as Sacs.
Saxicavid,Of or pertaining to the saxicavas.
Say,Saw.
Scab,"An incrustation over a sore, wound, vesicle, or pustule, formed by the drying up of the discharge from the diseased part."
Scabbing,of Scab
Scaffold,"A temporary structure of timber, boards, etc., for various purposes, as for supporting workmen and materials in building, for exhibiting a spectacle upon, for holding the spectators at a show, etc."
Scale,"To climb by a ladder, or as if by a ladder; to ascend by steps or by climbing; to clamber up; as, to scale the wall of a fort."
Scallop,"To mark or cut the edge or border of into segments of circles, like the edge or surface of a scallop shell. See Scallop, n., 2."
Scaly,"Composed of scales lying over each other; as, a scaly bulb; covered with scales; as, a scaly stem."
Scandalous,"Disgraceful to reputation; bringing shame or infamy; opprobrious; as, a scandalous crime or vice."
Scapulary,"A loose sleeveless vestment falling in front and behind, worn by certain religious orders and devout persons."
Scattered,"Dispersed; dissipated; sprinkled, or loosely spread."
Scatteringly,In a scattering manner; dispersedly.
Scern,To discern; to perceive.
Scholar,"In English universities, an undergraduate who belongs to the foundation of a college, and receives support in part from its revenues."
Scholia,of Scholium
School,To train in an institution of learning; to educate at a school; to teach.
Sclavonian,Same as Slavonian.
Sclerodermous,"Having the integument, or skin, hard, or covered with hard plates."
Scoldingly,In a scolding manner.
Scolopendra,A genus of venomous myriapods including the centipeds. See Centiped.
Scolytid,Any one of numerous species of small bark-boring beetles of the genus Scolytus and allied genera. Also used adjectively.
Scoop,A place hollowed out; a basinlike cavity; a hollow.
Scorch,"To burn superficially; to parch, or shrivel, the surface of, by heat; to subject to so much heat as changes color and texture without consuming; as, to scorch linen."
Score,"Especially, to mark with significant lines or notches, for indicating or keeping account of something; as, to score a tally."
Scotch,To cut superficially; to wound; to score.
Scramble,"To collect by scrambling; as, to scramble up wealth."
Scroyle,A mean fellow; a wretch.
Scumber,To void excrement.
Scumbled,of Scumble
Scunner,"To have a feeling of loathing or disgust; hence, to have dislike, prejudice, or reluctance."
Sea grass,Eelgrass.
Seamanship,"The skill of a good seaman; the art, or skill in the art, of working a ship."
Tabescent,"Withering, or wasting away."
Tacit,"Done or made in silence; implied, but not expressed; silent; as, tacit consent is consent by silence, or by not interposing an objection."
Taenia,A genus of intestinal worms which includes the common tapeworms of man. See Tapeworm.
Tahitian,A native inhabitant of Tahiti.
Take,"Not to refuse or balk at; to undertake readily; to clear; as, to take a hedge or fence."
Tale,To tell stories.
U,"the twenty-first letter of the English alphabet, is a cursive form of the letter V, with which it was formerly used interchangeably, both letters being then used both as vowels and consonants. U and V are now, however, differentiated, U being used only as a vowel or semivowel, and V only as a consonant. The true primary vowel sound of U, in Anglo-Saxon, was the sound which it still retains in most of the languages of Europe, that of long oo, as in tool, and short oo, as in wood, answering to the French ou in tour. Etymologically U is most closely related to o, y (vowel), w, and v; as in two, duet, dyad, twice; top, tuft; sop, sup; auspice, aviary. See V, also O and Y."
Umber,"To color with umber; to shade or darken; as, to umber over one's face."
Umbilicus,Either one of the two apertures in the calamus of a feather.
Umbra,"Any one of several species of sciaenoid food fishes of the genus Umbrina, especially the Mediterranean species (U. cirrhosa), which is highly esteemed as a market fish; -- called also ombre, and umbrine."
Unaccomplishment,The state of being unaccomplished.
Unanswerable,"Not answerable; irrefutable; conclusive; decisive; as, he have an unanswerable argument."
Unappliable,Inapplicable.
Unbegilt,"Not gilded; hence, not rewarded with gold."
Unbelief,"Disbelief; especially, disbelief of divine revelation, or in a divine providence or scheme of redemption."
Unbone,"To deprive of bones, as meat; to bone."
Unbottomed,Deprived of a bottom.
Uncertainties,of Uncertainty
Uncheckable,Not capable of being checked or stopped.
Unchristianize,To turn from the Christian faith; to cause to abandon the belief and profession of Christianity.
Uncoined,"Not coined, or minted; as, uncoined silver."
Uncolt,To unhorse.
Unconcluding,Inconclusive.
Unconsidered,Not considered or attended to; not regarded; inconsiderable; trifling.
Unconverted,Not persuaded of the truth of the Christian religion; heathenish.
Uncredit,To cause to be disbelieved; to discredit.
Unction,"The act of anointing, smearing, or rubbing with an unguent, oil, or ointment, especially for medical purposes, or as a symbol of consecration; as, mercurial unction."
Uncustomable,"Not customable, or subject to custom duties."
Underagent,A subordinate agent.
Under-arm,"Done (as bowling) with the arm not raised above the elbow, that is, not swung far out from the body; underhand.  Cf. Over-arm and Round-Arm."
Underconduct,A lower conduit; a subterranean conduit.
Underdig,To dig under or beneath; to undermine.
Underdressed,Not dresses enough.
Underfollow,To follow closely or immediately after.
Underlay,To lay beneath; to put under.
Understand,To be informed; to have or receive knowledge.
Understanding,"The act of one who understands a thing, in any sense of the verb; knowledge; discernment; comprehension; interpretation; explanation."
Undreamed,Alt. of Undreamt
Undulated,of Undulate
Unelegant,Inelegant.
Unembarrassed,"Free from pecuniary difficulties or encumbrances; as, he and his property are unembarrassed."
Unexact,Not exact; inexact.
Ungain,"Ungainly; clumsy; awkward; also, troublesome; inconvenient."
Unhive,"To deprive of habitation or shelter, as a crowd."
Unipersonal,"Used in only one person, especially only in the third person, as some verbs; impersonal."
Universological,Of or pertaining to universology.
Unked,Odd; strange; ugly; old; uncouth.
Unknow,Unknown.
Unlearned,"Not exhibiting learning; as, unlearned verses."
Unliken,To make unlike; to dissimilate.
Unload,"To draw the charge from; as, to unload a gun."
Unlodge,To dislodge; to deprive of lodgment.
Unloosen,To loosen; to unloose.
Unmaiden,To ravish; to deflower.
Unman,To deprive of the courage and fortitude of a man; to break or subdue the manly spirit in; to cause to despond; to dishearten; to make womanish.
Unmanned,"Deprived of manly qualities; deficient in vigor, strength, courage, etc.; weak; effeminate."
Unmasterable,Incapable of being mastered or subdued.
Unmeet,Not meet or fit; not proper; unbecoming; unsuitable; -- usually followed by for.
Unoriginately,Without origin.
Unpathwayed,Pathless.
Unperishable,Imperishable.
Unpower,Want of power; weakness.
Unprofited,Profitless.
Unquietude,Uneasiness; inquietude.
Unready,To undress.
Unreason,"To undo, disprove, or refute by reasoning."
Unsexual,Not sexual; not proper or peculiar to one of the sexes.
Unshet,To unshut.
Unsincere,Not sincere or pure; insincere.
Unteam,To unyoke a team from.
Untighten,To make less tight or tense; to loosen.
Untrammeled,Not hampered or impeded; free.
Unvulnerable,Invulnerable.
Up,Aloft; on high; in a direction contrary to that of gravity; toward or in a higher place or position; above; -- the opposite of down.
Upbreak,To break upwards; to force away or passage to the surface.
Uprightness,the quality or state of being upright.
Uptie,To tie up.
Uraeum,The posterior half of an animal.
Uranian,"Of or pertaining to the planet Uranus; as, the Uranian year."
Urgent,"Urging; pressing; besetting; plying, with importunity; calling for immediate attention; instantly important."
Urine,"In mammals, a fluid excretion from the kidneys; in birds and reptiles, a solid or semisolid excretion."
Ursuk,The bearded seal.
Usufruct,"The right of using and enjoying the profits of an estate or other thing belonging to another, without impairing the substance."
Utopian,"An inhabitant of Utopia; hence, one who believes in the perfectibility of human society; a visionary; an idealist; an optimist."
Utter,To give public expression to; to disclose; to publish; to speak; to pronounce.
Vadium,Pledge; security; bail. See Mortgage.
Vagaries,of Vagary
Vaguely,In a vague manner.
Vale,"See 2d Vail, 3."
Valvasor,See Vavasor.
Variant,"Varying in from, character, or the like; variable; different; diverse."
Varicose,"Intended for the treatment of varicose veins; -- said of elastic stockings, bandages. and the like."
Varletry,The rabble; the crowd; the mob.
Vault,"A leap by aid of the hands, or of a pole, springboard, or the like."
Vaulted,of Vault
Vaunce,To advance.
Vectitation,"The act of carrying, or state of being carried."
Vector,"A directed quantity, as a straight line, a force, or a velocity. Vectors are said to be equal when their directions are the same their magnitudes equal.  Cf. Scalar."
Vegetative,"Growing, or having the power of growing, as plants; capable of vegetating."
Venality,"The quality or state of being venal, or purchasable; mercenariness; prostitution of talents, offices, or services, for money or reward; as, the venality of a corrupt court; the venality of an official."
Venom,To infect with venom; to envenom; to poison.
Venthole,A touchhole; a vent.
Verisimility,Verisimilitude.
Versed,Turned.
Version,"A change of form, direction, or the like; transformation; conversion; turning."
Verso,"The reverse, or left-hand, page of a book or a folded sheet of paper; -- opposed to recto."
Vertebrae,of Vertebra
Vesicant,A vesicatory.
Vest,"To clothe with possession; as, to vest a person with an estate; also, to give a person an immediate fixed right of present or future enjoyment of; as, an estate is vested in possession."
Vestrymen,of Vestryman
Vetturino,One who lets or drives a vettura.
Vex,To make angry or annoyed by little provocations; to irritate; to plague; to torment; to harass; to afflict; to trouble; to tease.
Vexingly,"In a vexing manner; so as to vex, tease, or irritate."
Viaticum,"The communion, or eucharist, when given to persons in danger of death."
Vibrio,"A genus of motile bacteria characterized by short, slightly sinuous filaments and an undulatory motion; also, an individual of this genus."
Vicariate,Delegated office or power; vicarship; the office or oversight of a vicar.
Vicious,Bitter; spiteful; malignant.
Vicissitudinary,Subject to vicissitudes.
Victorine,A woman's fur tippet.
Wabble,"To move staggeringly or unsteadily from one side to the other; to vacillate; to move the manner of a rotating disk when the axis of rotation is inclined to that of the disk; -- said of a turning or whirling body; as, a top wabbles; a buzz saw wabbles."
Wad,Woad.
Wahabee,"A follower of Abdel Wahab (b. 1691; d. 1787), a reformer of Mohammedanism. His doctrines prevail particularly among the Bedouins, and the sect, though checked in its influence, extends to most parts of Arabia, and also into India."
Wakened,of Waken
Walk,To move off; to depart.
Wall,"A defense; a rampart; a means of protection; in the plural, fortifications, in general; works for defense."
Wallabies,of Wallaby
Wallaroo,"Any one of several species of kangaroos of the genus Macropus, especially M. robustus, sometimes called the great wallaroo."
Ward-corn,"The duty of keeping watch and ward (see the Note under Watch, n., 1) with a horn to be blown upon any occasion of surprise."
Warming,"a. &amp; n. from Warm, v."
Warrie,See Warye.
Washout,"The washing out or away of earth, etc., especially of a portion of the bed of a road or railroad by a fall of rain or a freshet; also, a place, especially in the bed of a road or railroad, where the earth has been washed away."
Wasteboard,"See Washboard, 3."
Watcher,"One who watches; one who sits up or continues; a diligent observer; specifically, one who attends upon the sick during the night."
Water hyacinth,"Either of several tropical aquatic plants of the genus Eichhornia, related to the pickerel weed."
Water level,The level formed by the surface of still water.
Watermark,"See Water line, 2."
Water pox,"A variety of chicken pox, or varicella."
Xanthoxylene,A liquid hydrocarbon of the terpene series extracted from the seeds of a Japanese prickly ash (Xanthoxylum pipertium) as an aromatic oil.
Xiphoid,Of or pertaining to the xiphoid process; xiphoidian.
Xylophaga,A genus of marine bivalves which bore holes in wood. They are allied to Pholas.
Y,"One of the forked holders for supporting the telescope of a leveling instrument, or the axis of a theodolite; a wye."
Yakare,Same as Yacare.
Yate,A gate.  See 1st Gate.
Yaw,"To rise in blisters, breaking in white froth, as cane juice in the clarifiers in sugar works."
Yerk,A sudden or quick thrust or motion; a jerk.
Yestereve,Alt. of Yester-evening
Yet,In addition; further; besides; over and above; still.
Yodel,Alt. of Yodle
Yoke,Fig.: That which connects or binds; a chain; a link; a bond connection.
Yote,"To pour water on; to soak in, or mix with, water."
Young,"Being in the first part, pr period, of growth; as, a young plant; a young tree."
Zealless,Wanting zeal.
Zebrawood,"A kind of cabinet wood having beautiful black, brown, and whitish stripes, the timber of a tropical American tree (Connarus Guianensis)."
Zechin,See Sequin.
Zedoary,"A medicinal substance obtained in the East Indies, having a fragrant smell, and a warm, bitter, aromatic taste. It is used in medicine as a stimulant."
Zein,"A nitrogenous substance of the nature of gluten, obtained from the seeds of Indian corn (Zea) as a soft, yellowish, amorphous substance."
Zemni,"The blind mole rat (Spalax typhlus), native of Eastern Europe and Asia. Its eyes and ears are rudimentary, and its fur is soft and brownish, more or less tinged with gray. It constructs extensive burrows."
Zincking,Alt. of Zincing
Zoanthropy,A kind of monomania in which the patient believes himself transformed into one of the lower animals.